incident_id,created_at,narrative,indicator_value,indicator_type,account_id,status,scenario_label
INC-00001,2026-05-15 02:49:31,Alert on account ACC-001736 (Consumer / Southeast Asia): observed malware_callback. Flagged indicator https://drive.google.com/uc?export=download&id=1aeWamA0wM7R784YwjZ_mTkLW4KgckWxY (url) in associated telemetry; suspected GuLoader activity. Severity medium. Awaiting triage.,https://drive.google.com/uc?export=download&id=1aeWamA0wM7R784YwjZ_mTkLW4KgckWxY,url,ACC-001736,new,malware_delivery
INC-00002,2026-05-30 17:20:04,Alert on account ACC-001597 (Consumer / West Africa): observed suspicious_oauth_grant. Source indicator update-files.co (domain) in associated telemetry. Severity critical. Awaiting triage.,update-files.co,domain,ACC-001597,new,phishing_wave
INC-00003,2026-05-22 09:09:00,Alert on account ACC-001615 (Reseller / East Asia): observed mass_file_download and anomalous_share_external. Source indicator cdn-portal.io (domain) in associated telemetry. Severity low. Awaiting triage.,cdn-portal.io,domain,ACC-001615,new,data_exfiltration
INC-00004,2026-05-12 23:42:44,Alert on account ACC-000878 (Education / West Africa): observed new_device_burst and geo_velocity and mfa_fatigue. Source indicator 247.36.99.183 (ipv4) in associated telemetry. Severity low. Awaiting triage.,247.36.99.183,ipv4,ACC-000878,new,benign
INC-00005,2026-05-29 18:18:08,Alert on account ACC-000164 (Reseller / South Asia): observed api_token_abuse and bulk_account_creation. Source indicator 24.52.165.192 (ipv4) in associated telemetry. Severity high. Awaiting triage.,24.52.165.192,ipv4,ACC-000164,new,api_token_abuse
INC-00006,2026-05-23 01:02:23,Alert on account ACC-000030 (Reseller / Unknown): observed new_device_burst and geo_velocity and anomalous_share_external. Source indicator 238.13.127.211 (ipv4) in associated telemetry. Severity low. Awaiting triage.,238.13.127.211,ipv4,ACC-000030,new,benign
INC-00007,2026-05-18 03:52:27,Alert on account ACC-000708 (Mid-Market / East Asia): observed credential_stuffing and geo_velocity. Source indicator 226.126.80.104 (ipv4) in associated telemetry. Severity medium. Awaiting triage.,226.126.80.104,ipv4,ACC-000708,new,credential_stuffing
INC-00008,2026-05-31 03:22:56,Alert on account ACC-001597 (Consumer / West Africa): observed api_token_abuse and bulk_account_creation. Source indicator 154.183.205.7 (ipv4) in associated telemetry. Severity high. Awaiting triage.,154.183.205.7,ipv4,ACC-001597,new,api_token_abuse
INC-00009,2026-05-12 22:34:41,Alert on account ACC-001726 (Mid-Market / South Asia): observed malware_callback. Flagged indicator http://150.40.127.154/FBI.mipsel (url) in associated telemetry; suspected Gafgyt activity. Severity critical. Awaiting triage.,http://150.40.127.154/FBI.mipsel,url,ACC-001726,new,malware_delivery
INC-00010,2026-05-28 14:03:58,Alert on account ACC-001620 (SMB / North America): observed malware_callback. Flagged indicator http://120.28.193.170:35442/i (url) in associated telemetry; suspected Mirai activity. Severity low. Awaiting triage.,http://120.28.193.170:35442/i,url,ACC-001620,new,malware_delivery
INC-00011,2026-05-25 02:22:22,Alert on account ACC-000939 (Education / East Asia): observed api_token_abuse and bulk_account_creation. Source indicator 201.49.230.199 (ipv4) in associated telemetry. Severity high. Awaiting triage.,201.49.230.199,ipv4,ACC-000939,new,api_token_abuse
INC-00012,2026-06-01 14:06:50,Alert on account ACC-000510 (Education / Southeast Asia): observed suspicious_oauth_grant. Source indicator login-auth.io (domain) in associated telemetry. Severity medium. Awaiting triage.,login-auth.io,domain,ACC-000510,new,phishing_wave
INC-00013,2026-05-18 23:20:11,Alert on account ACC-001707 (Enterprise / East Asia): observed credential_stuffing and geo_velocity. Source indicator 115.125.248.102 (ipv4) in associated telemetry. Severity low. Awaiting triage.,115.125.248.102,ipv4,ACC-001707,new,credential_stuffing
INC-00014,2026-06-01 01:14:22,Alert on account ACC-001159 (SMB / East Asia): observed malware_callback and mass_file_download. Flagged indicator https://drive.google.com/uc?export=download&id=1K__K_WYQNKy1fCdP3ics5n6P-RgtfhDy (url) in associated telemetry; suspected RemcosRAT activity. Severity medium. Awaiting triage.,https://drive.google.com/uc?export=download&id=1K__K_WYQNKy1fCdP3ics5n6P-RgtfhDy,url,ACC-001159,new,malware_delivery
INC-00015,2026-05-21 16:10:35,Alert on account ACC-000426 (Mid-Market / Eastern Europe): observed suspicious_oauth_grant. Source indicator vault-share.io (domain) in associated telemetry. Severity critical. Awaiting triage.,vault-share.io,domain,ACC-000426,new,phishing_wave
INC-00016,2026-05-31 04:49:24,Alert on account ACC-000938 (SMB / Southeast Asia): observed credential_stuffing and geo_velocity. Source indicator 1.94.140.241 (ipv4) in associated telemetry. Severity critical. Awaiting triage.,1.94.140.241,ipv4,ACC-000938,new,credential_stuffing
INC-00017,2026-05-25 21:58:26,Alert on account ACC-000500 (Reseller / Middle East): observed impossible_travel and mfa_fatigue. Source indicator 247.192.8.203 (ipv4) in associated telemetry. Severity critical. Awaiting triage.,247.192.8.203,ipv4,ACC-000500,new,account_takeover
INC-00018,2026-05-30 06:09:15,Alert on account ACC-000420 (Mid-Market / Southeast Asia): observed api_token_abuse and bulk_account_creation. Source indicator 205.44.204.57 (ipv4) in associated telemetry. Severity high. Awaiting triage.,205.44.204.57,ipv4,ACC-000420,new,api_token_abuse
INC-00019,2026-05-11 22:42:38,Alert on account ACC-001431 (SMB / West Africa): observed malware_callback. Flagged indicator http://61.53.75.175:58428/i (url) in associated telemetry; suspected Mozi activity. Severity high. Awaiting triage.,http://61.53.75.175:58428/i,url,ACC-001431,new,malware_delivery
INC-00020,2026-05-12 07:56:13,Alert on account ACC-000574 (Enterprise / East Asia): observed mfa_fatigue. Source indicator 199.142.13.12 (ipv4) in associated telemetry. Severity critical. Awaiting triage.,199.142.13.12,ipv4,ACC-000574,new,account_takeover
INC-00021,2026-05-19 05:39:43,Alert on account ACC-001633 (Consumer / South Asia): observed api_token_abuse and bulk_account_creation. Source indicator 174.59.107.151 (ipv4) in associated telemetry. Severity medium. Awaiting triage.,174.59.107.151,ipv4,ACC-001633,new,api_token_abuse
INC-00022,2026-05-25 22:28:32,Alert on account ACC-001950 (Consumer / Eastern Europe): observed mass_file_download. Source indicator vault-share.net (domain) in associated telemetry. Severity medium. Awaiting triage.,vault-share.net,domain,ACC-001950,new,data_exfiltration
INC-00023,2026-05-18 01:52:41,Alert on account ACC-000477 (Consumer / Middle East): observed off_hours_admin and data_staging. Source indicator secure-files.io (domain) in associated telemetry. Severity high. Awaiting triage.,secure-files.io,domain,ACC-000477,new,insider_activity
INC-00024,2026-05-13 18:51:41,Alert on account ACC-000932 (Education / Eastern Europe): observed mass_file_download and anomalous_share_external and geo_velocity. Source indicator login-files.com (domain) in associated telemetry. Severity medium. Awaiting triage.,login-files.com,domain,ACC-000932,new,data_exfiltration
INC-00025,2026-05-21 10:50:41,Alert on account ACC-000581 (Reseller / North America): observed off_hours_admin. Source indicator login-share.io (domain) in associated telemetry. Severity low. Awaiting triage.,login-share.io,domain,ACC-000581,new,insider_activity
INC-00026,2026-05-17 19:21:49,Alert on account ACC-000403 (Reseller / South Asia): observed suspicious_oauth_grant and mfa_fatigue. Source indicator secure-files.com (domain) in associated telemetry. Severity low. Awaiting triage.,secure-files.com,domain,ACC-000403,new,phishing_wave
INC-00027,2026-05-27 13:49:49,Alert on account ACC-001438 (Enterprise / Unknown): observed suspicious_oauth_grant. Source indicator vault-portal.net (domain) in associated telemetry. Severity low. Awaiting triage.,vault-portal.net,domain,ACC-001438,new,phishing_wave
INC-00028,2026-05-13 19:00:58,Alert on account ACC-001472 (Education / Southeast Asia): observed suspicious_oauth_grant. Source indicator vault-portal.com (domain) in associated telemetry. Severity medium. Awaiting triage.,vault-portal.com,domain,ACC-001472,new,phishing_wave
INC-00029,2026-05-27 19:03:40,Alert on account ACC-000633 (Enterprise / West Africa): observed new_device_burst and geo_velocity. Source indicator 247.139.232.127 (ipv4) in associated telemetry. Severity low. Awaiting triage.,247.139.232.127,ipv4,ACC-000633,new,benign
INC-00030,2026-05-20 15:38:03,Alert on account ACC-000080 (Consumer / Middle East): observed suspicious_oauth_grant. Source indicator login-share.net (domain) in associated telemetry. Severity medium. Awaiting triage.,login-share.net,domain,ACC-000080,new,phishing_wave
INC-00031,2026-05-22 12:57:22,Alert on account ACC-000501 (Consumer / Eastern Europe): observed new_device_burst and geo_velocity and data_staging. Source indicator 58.163.107.215 (ipv4) in associated telemetry. Severity medium. Awaiting triage.,58.163.107.215,ipv4,ACC-000501,new,benign
INC-00032,2026-05-20 09:47:34,Alert on account ACC-000409 (Reseller / Eastern Europe): observed impossible_travel and mfa_fatigue and credential_stuffing. Source indicator 90.163.103.111 (ipv4) in associated telemetry. Severity high. Awaiting triage.,90.163.103.111,ipv4,ACC-000409,new,account_takeover
INC-00033,2026-05-22 04:04:38,Alert on account ACC-001768 (Reseller / East Asia): observed suspicious_oauth_grant. Source indicator dropbox-files.com (domain) in associated telemetry. Severity medium. Awaiting triage.,dropbox-files.com,domain,ACC-001768,new,phishing_wave
INC-00034,2026-05-15 13:30:05,Alert on account ACC-001042 (Education / East Asia): observed suspicious_oauth_grant. Source indicator update-share.net (domain) in associated telemetry. Severity low. Awaiting triage.,update-share.net,domain,ACC-001042,new,phishing_wave
INC-00035,2026-05-27 22:49:36,Alert on account ACC-001784 (SMB / Eastern Europe): observed suspicious_oauth_grant. Source indicator cdn-sync.io (domain) in associated telemetry. Severity critical. Awaiting triage.,cdn-sync.io,domain,ACC-001784,new,phishing_wave
INC-00036,2026-05-14 01:42:57,Alert on account ACC-000252 (Enterprise / East Asia): observed api_token_abuse and bulk_account_creation. Source indicator 224.27.178.56 (ipv4) in associated telemetry. Severity low. Awaiting triage.,224.27.178.56,ipv4,ACC-000252,new,api_token_abuse
INC-00037,2026-05-19 09:03:55,Alert on account ACC-000861 (Education / Middle East): observed suspicious_oauth_grant. Source indicator dropbox-share.co (domain) in associated telemetry. Severity critical. Awaiting triage.,dropbox-share.co,domain,ACC-000861,new,phishing_wave
INC-00038,2026-05-16 04:40:53,Alert on account ACC-001494 (Consumer / West Africa): observed impossible_travel and mfa_fatigue. Source indicator 215.28.44.73 (ipv4) in associated telemetry. Severity high. Awaiting triage.,215.28.44.73,ipv4,ACC-001494,new,account_takeover
INC-00039,2026-05-20 04:36:46,Alert on account ACC-001950 (Consumer / Eastern Europe): observed api_token_abuse and bulk_account_creation. Source indicator 35.133.54.193 (ipv4) in associated telemetry. Severity critical. Awaiting triage.,35.133.54.193,ipv4,ACC-001950,new,api_token_abuse
INC-00040,2026-05-17 16:44:16,Alert on account ACC-001172 (Education / Middle East): observed impossible_travel and mfa_fatigue. Source indicator 6.231.125.74 (ipv4) in associated telemetry. Severity critical. Awaiting triage.,6.231.125.74,ipv4,ACC-001172,new,account_takeover
INC-00041,2026-05-18 05:46:02,Alert on account ACC-001597 (Consumer / West Africa): observed malware_callback and anomalous_share_external. Flagged indicator http://47.239.166.93:7858/dcd (url) in associated telemetry. Severity critical. Awaiting triage.,http://47.239.166.93:7858/dcd,url,ACC-001597,new,malware_delivery
INC-00042,2026-05-18 18:58:08,Alert on account ACC-001325 (SMB / Unknown): observed malware_callback. Flagged indicator http://115.48.55.193:46893/i (url) in associated telemetry; suspected Mozi activity. Severity medium. Awaiting triage.,http://115.48.55.193:46893/i,url,ACC-001325,new,malware_delivery
INC-00043,2026-05-24 19:40:59,Alert on account ACC-000729 (Education / Southeast Asia): observed geo_velocity. Source indicator 26.79.133.26 (ipv4) in associated telemetry. Severity high. Awaiting triage.,26.79.133.26,ipv4,ACC-000729,new,credential_stuffing
INC-00044,2026-05-12 16:48:00,Alert on account ACC-001793 (Reseller / South Asia): observed impossible_travel and mfa_fatigue. Source indicator 115.212.65.164 (ipv4) in associated telemetry. Severity low. Awaiting triage.,115.212.65.164,ipv4,ACC-001793,new,account_takeover
INC-00045,2026-05-27 00:31:02,Alert on account ACC-000799 (Reseller / East Asia): observed off_hours_admin and data_staging. Source indicator vault-portal.co (domain) in associated telemetry. Severity high. Awaiting triage.,vault-portal.co,domain,ACC-000799,new,insider_activity
INC-00046,2026-05-28 05:22:42,Alert on account ACC-000116 (Consumer / Middle East): observed anomalous_share_external and credential_stuffing. Source indicator update-files.co (domain) in associated telemetry. Severity low. Awaiting triage.,update-files.co,domain,ACC-000116,new,data_exfiltration
INC-00047,2026-05-13 18:35:44,Alert on account ACC-001432 (Consumer / Southeast Asia): observed new_device_burst and geo_velocity. Source indicator 52.138.48.242 (ipv4) in associated telemetry. Severity low. Awaiting triage.,52.138.48.242,ipv4,ACC-001432,new,benign
INC-00048,2026-05-25 20:15:11,Alert on account ACC-001897 (Mid-Market / Middle East): observed new_device_burst and geo_velocity and impossible_travel. Source indicator 214.170.54.150 (ipv4) in associated telemetry. Severity high. Awaiting triage.,214.170.54.150,ipv4,ACC-001897,new,benign
INC-00049,2026-05-16 10:34:04,Alert on account ACC-000094 (Reseller / Eastern Europe): observed suspicious_oauth_grant and impossible_travel. Source indicator update-share.com (domain) in associated telemetry. Severity critical. Awaiting triage.,update-share.com,domain,ACC-000094,new,phishing_wave
INC-00050,2026-05-14 04:54:57,Alert on account ACC-000583 (Mid-Market / North America): observed credential_stuffing and geo_velocity and impossible_travel. Source indicator 152.156.224.209 (ipv4) in associated telemetry. Severity high. Awaiting triage.,152.156.224.209,ipv4,ACC-000583,new,credential_stuffing
INC-00051,2026-05-21 02:05:11,Alert on account ACC-001669 (SMB / Middle East): observed api_token_abuse and bulk_account_creation and suspicious_oauth_grant. Source indicator 236.229.154.195 (ipv4) in associated telemetry. Severity medium. Awaiting triage.,236.229.154.195,ipv4,ACC-001669,new,api_token_abuse
INC-00052,2026-05-13 15:14:45,Alert on account ACC-000164 (Reseller / South Asia): observed malware_callback. Flagged indicator http://123.5.153.145:43536/i (url) in associated telemetry; suspected Mozi activity. Severity low. Awaiting triage.,http://123.5.153.145:43536/i,url,ACC-000164,new,malware_delivery
INC-00053,2026-05-21 02:47:49,Alert on account ACC-000400 (Reseller / North America): observed mfa_fatigue. Source indicator 56.135.96.215 (ipv4) in associated telemetry. Severity medium. Awaiting triage.,56.135.96.215,ipv4,ACC-000400,new,account_takeover
INC-00054,2026-05-18 14:16:13,Alert on account ACC-000302 (Reseller / Unknown): observed malware_callback and mfa_fatigue. Flagged indicator http://www.vame.be/zxcvbnm.png (url) in associated telemetry. Severity high. Awaiting triage.,http://www.vame.be/zxcvbnm.png,url,ACC-000302,new,malware_delivery
INC-00055,2026-05-26 16:29:57,Alert on account ACC-001298 (Reseller / East Asia): observed off_hours_admin and data_staging. Source indicator vault-auth.co (domain) in associated telemetry. Severity medium. Awaiting triage.,vault-auth.co,domain,ACC-001298,new,insider_activity
INC-00056,2026-05-16 03:01:52,Alert on account ACC-001923 (Mid-Market / Middle East): observed malware_callback. Flagged indicator http://116.138.31.91:57206/i (url) in associated telemetry; suspected Mozi activity. Severity medium. Awaiting triage.,http://116.138.31.91:57206/i,url,ACC-001923,new,malware_delivery
INC-00057,2026-05-21 15:26:15,Alert on account ACC-000747 (SMB / North America): observed malware_callback. Flagged indicator http://185.234.100.154/Binary/kwari.mips (url) in associated telemetry; suspected Mirai activity. Severity low. Awaiting triage.,http://185.234.100.154/Binary/kwari.mips,url,ACC-000747,new,malware_delivery
INC-00058,2026-05-25 17:06:46,Alert on account ACC-001240 (Mid-Market / West Africa): observed impossible_travel and mfa_fatigue. Source indicator 98.246.67.132 (ipv4) in associated telemetry. Severity critical. Awaiting triage.,98.246.67.132,ipv4,ACC-001240,new,account_takeover
INC-00059,2026-05-13 19:17:48,Alert on account ACC-000030 (Reseller / Unknown): observed suspicious_oauth_grant. Source indicator dropbox-auth.co (domain) in associated telemetry. Severity low. Awaiting triage.,dropbox-auth.co,domain,ACC-000030,new,phishing_wave
INC-00060,2026-05-13 17:30:36,Alert on account ACC-001613 (Reseller / West Africa): observed credential_stuffing and geo_velocity. Source indicator 58.195.97.107 (ipv4) in associated telemetry. Severity critical. Awaiting triage.,58.195.97.107,ipv4,ACC-001613,new,credential_stuffing
INC-00061,2026-05-29 02:58:55,Alert on account ACC-000177 (Consumer / North America): observed credential_stuffing and geo_velocity. Source indicator 204.240.249.79 (ipv4) in associated telemetry. Severity high. Awaiting triage.,204.240.249.79,ipv4,ACC-000177,new,credential_stuffing
INC-00062,2026-05-16 14:10:38,Alert on account ACC-000390 (Mid-Market / Southeast Asia): observed impossible_travel. Source indicator 230.77.102.252 (ipv4) in associated telemetry. Severity critical. Awaiting triage.,230.77.102.252,ipv4,ACC-000390,new,account_takeover
INC-00063,2026-06-01 22:44:31,Alert on account ACC-001179 (Consumer / Eastern Europe): observed impossible_travel and mfa_fatigue. Source indicator 15.180.111.41 (ipv4) in associated telemetry. Severity medium. Awaiting triage.,15.180.111.41,ipv4,ACC-001179,new,account_takeover
INC-00064,2026-05-14 09:49:47,Alert on account ACC-001847 (Mid-Market / Unknown): observed suspicious_oauth_grant and mass_file_download. Source indicator vault-files.co (domain) in associated telemetry. Severity low. Awaiting triage.,vault-files.co,domain,ACC-001847,new,phishing_wave
INC-00065,2026-05-14 02:08:36,Alert on account ACC-001874 (Reseller / Unknown): observed suspicious_oauth_grant. Source indicator login-portal.com (domain) in associated telemetry. Severity high. Awaiting triage.,login-portal.com,domain,ACC-001874,new,phishing_wave
INC-00066,2026-05-27 11:55:26,Alert on account ACC-001179 (Consumer / Eastern Europe): observed suspicious_oauth_grant. Source indicator update-portal.com (domain) in associated telemetry. Severity critical. Awaiting triage.,update-portal.com,domain,ACC-001179,new,phishing_wave
INC-00067,2026-05-30 16:06:20,Alert on account ACC-000143 (Mid-Market / West Africa): observed api_token_abuse and bulk_account_creation. Source indicator 102.45.107.76 (ipv4) in associated telemetry. Severity critical. Awaiting triage.,102.45.107.76,ipv4,ACC-000143,new,api_token_abuse
INC-00068,2026-05-21 17:33:35,Alert on account ACC-000813 (Education / Southeast Asia): observed api_token_abuse and bulk_account_creation. Source indicator 211.220.86.253 (ipv4) in associated telemetry. Severity critical. Awaiting triage.,211.220.86.253,ipv4,ACC-000813,new,api_token_abuse
INC-00069,2026-05-19 06:40:06,Alert on account ACC-001142 (Reseller / Unknown): observed impossible_travel and mfa_fatigue. Source indicator 20.118.37.184 (ipv4) in associated telemetry. Severity critical. Awaiting triage.,20.118.37.184,ipv4,ACC-001142,new,account_takeover
INC-00070,2026-05-20 13:53:33,Alert on account ACC-000128 (Consumer / Unknown): observed mass_file_download and anomalous_share_external and bulk_account_creation. Source indicator vault-portal.net (domain) in associated telemetry. Severity low. Awaiting triage.,vault-portal.net,domain,ACC-000128,new,data_exfiltration
INC-00071,2026-05-30 23:13:39,Alert on account ACC-000083 (Consumer / West Africa): observed api_token_abuse and bulk_account_creation. Source indicator 189.247.244.247 (ipv4) in associated telemetry. Severity high. Awaiting triage.,189.247.244.247,ipv4,ACC-000083,new,api_token_abuse
INC-00072,2026-05-13 23:56:08,Alert on account ACC-001183 (Enterprise / South Asia): observed bulk_account_creation. Source indicator 254.232.169.115 (ipv4) in associated telemetry. Severity high. Awaiting triage.,254.232.169.115,ipv4,ACC-001183,new,api_token_abuse
INC-00073,2026-05-16 05:51:37,Alert on account ACC-000129 (SMB / West Africa): observed suspicious_oauth_grant. Source indicator dropbox-auth.net (domain) in associated telemetry. Severity medium. Awaiting triage.,dropbox-auth.net,domain,ACC-000129,new,phishing_wave
INC-00074,2026-05-16 16:36:38,Alert on account ACC-001094 (Enterprise / South Asia): observed impossible_travel and mfa_fatigue. Source indicator 86.44.54.248 (ipv4) in associated telemetry. Severity high. Awaiting triage.,86.44.54.248,ipv4,ACC-001094,new,account_takeover
INC-00075,2026-05-22 09:06:33,Alert on account ACC-000103 (Consumer / South Asia): observed malware_callback. Flagged indicator http://slotmy-send.tech:8080/parts/IT-Job-Interview-Preparation-Guide.pdf.lnk (url) in associated telemetry. Severity low. Awaiting triage.,http://slotmy-send.tech:8080/parts/IT-Job-Interview-Preparation-Guide.pdf.lnk,url,ACC-000103,new,malware_delivery
INC-00076,2026-05-29 06:20:29,Alert on account ACC-000028 (Reseller / East Asia): observed off_hours_admin and data_staging. Source indicator secure-sync.com (domain) in associated telemetry. Severity medium. Awaiting triage.,secure-sync.com,domain,ACC-000028,new,insider_activity
INC-00077,2026-05-18 12:27:06,Alert on account ACC-001219 (Enterprise / South Asia): observed malware_callback. Flagged indicator http://150.40.127.154/FBI.x86_64 (url) in associated telemetry; suspected Gafgyt activity. Severity medium. Awaiting triage.,http://150.40.127.154/FBI.x86_64,url,ACC-001219,new,malware_delivery
INC-00078,2026-05-30 02:27:41,Alert on account ACC-001715 (Mid-Market / North America): observed api_token_abuse and bulk_account_creation. Source indicator 203.182.165.206 (ipv4) in associated telemetry. Severity critical. Awaiting triage.,203.182.165.206,ipv4,ACC-001715,new,api_token_abuse
INC-00079,2026-05-14 16:39:33,Alert on account ACC-001323 (SMB / Southeast Asia): observed mass_file_download and anomalous_share_external. Source indicator secure-portal.net (domain) in associated telemetry. Severity low. Awaiting triage.,secure-portal.net,domain,ACC-001323,new,data_exfiltration
INC-00080,2026-05-19 12:59:20,Alert on account ACC-001409 (Consumer / Unknown): observed mass_file_download and anomalous_share_external and off_hours_admin. Source indicator update-share.net (domain) in associated telemetry. Severity low. Awaiting triage.,update-share.net,domain,ACC-001409,new,data_exfiltration
INC-00081,2026-05-21 11:23:31,Alert on account ACC-001063 (Reseller / Southeast Asia): observed malware_callback. Flagged indicator http://115.55.114.3:57615/bin.sh (url) in associated telemetry; suspected Mozi activity. Severity high. Awaiting triage.,http://115.55.114.3:57615/bin.sh,url,ACC-001063,new,malware_delivery
INC-00082,2026-05-27 20:26:36,Alert on account ACC-001637 (Reseller / Unknown): observed suspicious_oauth_grant. Source indicator login-files.net (domain) in associated telemetry. Severity high. Awaiting triage.,login-files.net,domain,ACC-001637,new,phishing_wave
INC-00083,2026-05-29 15:34:54,Alert on account ACC-000718 (Education / Middle East): observed api_token_abuse and bulk_account_creation. Source indicator 63.48.159.37 (ipv4) in associated telemetry. Severity critical. Awaiting triage.,63.48.159.37,ipv4,ACC-000718,new,api_token_abuse
INC-00084,2026-06-01 22:40:51,Alert on account ACC-000564 (SMB / Eastern Europe): observed new_device_burst and geo_velocity. Source indicator 156.54.229.197 (ipv4) in associated telemetry. Severity critical. Awaiting triage.,156.54.229.197,ipv4,ACC-000564,new,benign
INC-00085,2026-05-15 05:46:44,Alert on account ACC-000001 (Education / Unknown): observed geo_velocity. Source indicator 161.73.26.152 (ipv4) in associated telemetry. Severity low. Awaiting triage.,161.73.26.152,ipv4,ACC-000001,new,benign
INC-00086,2026-05-11 12:11:49,Alert on account ACC-000451 (Education / South Asia): observed new_device_burst and geo_velocity. Source indicator 217.139.159.199 (ipv4) in associated telemetry. Severity critical. Awaiting triage.,217.139.159.199,ipv4,ACC-000451,new,benign
INC-00087,2026-06-01 07:03:41,Alert on account ACC-001278 (Education / Unknown): observed impossible_travel and mfa_fatigue. Source indicator 168.17.26.150 (ipv4) in associated telemetry. Severity low. Awaiting triage.,168.17.26.150,ipv4,ACC-001278,new,account_takeover
INC-00088,2026-05-22 08:49:15,Alert on account ACC-001615 (Reseller / East Asia): observed malware_callback. Flagged indicator http://182.126.112.250:48706/bin.sh (url) in associated telemetry; suspected Mozi activity. Severity low. Awaiting triage.,http://182.126.112.250:48706/bin.sh,url,ACC-001615,new,malware_delivery
INC-00089,2026-05-31 22:43:43,Alert on account ACC-000082 (Consumer / East Asia): observed off_hours_admin and data_staging. Source indicator vault-share.co (domain) in associated telemetry. Severity high. Awaiting triage.,vault-share.co,domain,ACC-000082,new,insider_activity
INC-00090,2026-05-14 10:27:20,Alert on account ACC-001615 (Reseller / East Asia): observed off_hours_admin and data_staging and impossible_travel. Source indicator login-sync.co (domain) in associated telemetry. Severity medium. Awaiting triage.,login-sync.co,domain,ACC-001615,new,insider_activity
INC-00091,2026-05-18 01:56:05,Alert on account ACC-001187 (Consumer / North America): observed suspicious_oauth_grant. Source indicator cdn-share.io (domain) in associated telemetry. Severity medium. Awaiting triage.,cdn-share.io,domain,ACC-001187,new,phishing_wave
INC-00092,2026-05-22 08:32:14,Alert on account ACC-000855 (Education / West Africa): observed impossible_travel and mfa_fatigue. Source indicator 252.169.175.210 (ipv4) in associated telemetry. Severity critical. Awaiting triage.,252.169.175.210,ipv4,ACC-000855,new,account_takeover
INC-00093,2026-05-24 18:08:45,Alert on account ACC-001592 (Reseller / Unknown): observed new_device_burst and geo_velocity. Source indicator 52.2.180.212 (ipv4) in associated telemetry. Severity low. Awaiting triage.,52.2.180.212,ipv4,ACC-001592,new,benign
INC-00094,2026-05-15 10:00:46,Alert on account ACC-000018 (Consumer / South Asia): observed credential_stuffing and geo_velocity. Source indicator 214.148.137.28 (ipv4) in associated telemetry. Severity low. Awaiting triage.,214.148.137.28,ipv4,ACC-000018,new,credential_stuffing
INC-00095,2026-05-15 06:49:55,Alert on account ACC-001351 (Enterprise / Eastern Europe): observed impossible_travel and mfa_fatigue. Source indicator 160.242.61.64 (ipv4) in associated telemetry. Severity high. Awaiting triage.,160.242.61.64,ipv4,ACC-001351,new,account_takeover
INC-00096,2026-05-15 12:20:56,Alert on account ACC-000390 (Mid-Market / Southeast Asia): observed impossible_travel and mfa_fatigue. Source indicator 223.121.232.236 (ipv4) in associated telemetry. Severity low. Awaiting triage.,223.121.232.236,ipv4,ACC-000390,new,account_takeover
INC-00097,2026-05-29 23:51:08,Alert on account ACC-000213 (Reseller / East Asia): observed credential_stuffing and geo_velocity. Source indicator 179.228.114.157 (ipv4) in associated telemetry. Severity low. Awaiting triage.,179.228.114.157,ipv4,ACC-000213,new,credential_stuffing
INC-00098,2026-05-28 19:50:03,Alert on account ACC-001784 (SMB / Eastern Europe): observed geo_velocity. Source indicator 36.5.135.225 (ipv4) in associated telemetry. Severity critical. Awaiting triage.,36.5.135.225,ipv4,ACC-001784,new,credential_stuffing
INC-00099,2026-05-18 00:07:31,Alert on account ACC-000681 (Consumer / West Africa): observed impossible_travel and mfa_fatigue. Source indicator 186.16.6.63 (ipv4) in associated telemetry. Severity low. Awaiting triage.,186.16.6.63,ipv4,ACC-000681,new,account_takeover
INC-00100,2026-05-22 09:09:10,Alert on account ACC-000215 (Consumer / North America): observed suspicious_oauth_grant. Source indicator update-sync.io (domain) in associated telemetry. Severity critical. Awaiting triage.,update-sync.io,domain,ACC-000215,new,phishing_wave
INC-00101,2026-05-23 15:36:46,Alert on account ACC-001862 (SMB / West Africa): observed credential_stuffing and geo_velocity. Source indicator 156.24.68.124 (ipv4) in associated telemetry. Severity medium. Awaiting triage.,156.24.68.124,ipv4,ACC-001862,new,credential_stuffing
INC-00102,2026-05-18 09:03:53,Alert on account ACC-000208 (Reseller / Unknown): observed credential_stuffing and geo_velocity. Source indicator 166.124.194.150 (ipv4) in associated telemetry. Severity critical. Awaiting triage.,166.124.194.150,ipv4,ACC-000208,new,credential_stuffing
INC-00103,2026-05-29 05:05:21,Alert on account ACC-000342 (Reseller / Southeast Asia): observed off_hours_admin and data_staging and mfa_fatigue. Source indicator login-portal.co (domain) in associated telemetry. Severity high. Awaiting triage.,login-portal.co,domain,ACC-000342,new,insider_activity
INC-00104,2026-05-29 22:58:15,Alert on account ACC-000186 (Enterprise / Eastern Europe): observed new_device_burst and geo_velocity. Source indicator 83.135.49.78 (ipv4) in associated telemetry. Severity critical. Awaiting triage.,83.135.49.78,ipv4,ACC-000186,new,benign
INC-00105,2026-05-30 23:33:09,Alert on account ACC-001405 (Education / Eastern Europe): observed credential_stuffing and geo_velocity. Source indicator 136.56.7.17 (ipv4) in associated telemetry. Severity high. Awaiting triage.,136.56.7.17,ipv4,ACC-001405,new,credential_stuffing
INC-00106,2026-05-23 14:16:49,Alert on account ACC-001917 (SMB / Eastern Europe): observed impossible_travel and mfa_fatigue and anomalous_share_external. Source indicator 132.175.70.193 (ipv4) in associated telemetry. Severity medium. Awaiting triage.,132.175.70.193,ipv4,ACC-001917,new,account_takeover
INC-00107,2026-05-21 03:38:14,Alert on account ACC-000175 (Education / Southeast Asia): observed new_device_burst. Source indicator 250.167.121.19 (ipv4) in associated telemetry. Severity medium. Awaiting triage.,250.167.121.19,ipv4,ACC-000175,new,benign
INC-00108,2026-05-19 13:39:18,Alert on account ACC-000667 (Consumer / East Asia): observed malware_callback. Flagged indicator http://163.142.79.144:43421/i (url) in associated telemetry. Severity high. Awaiting triage.,http://163.142.79.144:43421/i,url,ACC-000667,new,malware_delivery
INC-00109,2026-05-14 04:01:49,Alert on account ACC-001020 (Mid-Market / Southeast Asia): observed malware_callback. Flagged indicator http://115.59.238.224:37310/bin.sh (url) in associated telemetry; suspected Mozi activity. Severity low. Awaiting triage.,http://115.59.238.224:37310/bin.sh,url,ACC-001020,new,malware_delivery
INC-00110,2026-05-25 12:59:05,Alert on account ACC-001336 (Education / South Asia): observed off_hours_admin and data_staging. Source indicator vault-share.com (domain) in associated telemetry. Severity low. Awaiting triage.,vault-share.com,domain,ACC-001336,new,insider_activity
INC-00111,2026-05-24 07:04:41,Alert on account ACC-000093 (Education / Middle East): observed new_device_burst and geo_velocity. Source indicator 85.74.163.226 (ipv4) in associated telemetry. Severity critical. Awaiting triage.,85.74.163.226,ipv4,ACC-000093,new,benign
INC-00112,2026-05-14 18:57:47,Alert on account ACC-001962 (Mid-Market / North America): observed api_token_abuse and bulk_account_creation. Source indicator 156.254.115.15 (ipv4) in associated telemetry. Severity low. Awaiting triage.,156.254.115.15,ipv4,ACC-001962,new,api_token_abuse
INC-00113,2026-05-13 13:39:08,Alert on account ACC-001874 (Reseller / Unknown): observed off_hours_admin and data_staging. Source indicator dropbox-auth.co (domain) in associated telemetry. Severity medium. Awaiting triage.,dropbox-auth.co,domain,ACC-001874,new,insider_activity
INC-00114,2026-05-31 21:47:31,Alert on account ACC-001687 (Consumer / East Asia): observed malware_callback and impossible_travel. Flagged indicator http://175.151.124.45:56539/bin.sh (url) in associated telemetry; suspected Mozi activity. Severity critical. Awaiting triage.,http://175.151.124.45:56539/bin.sh,url,ACC-001687,new,malware_delivery
INC-00115,2026-05-17 17:03:35,Alert on account ACC-001485 (Enterprise / South Asia): observed credential_stuffing and geo_velocity. Source indicator 31.75.90.149 (ipv4) in associated telemetry. Severity critical. Awaiting triage.,31.75.90.149,ipv4,ACC-001485,new,credential_stuffing
INC-00116,2026-05-18 03:15:37,Alert on account ACC-000082 (Consumer / East Asia): observed api_token_abuse and bulk_account_creation. Source indicator 211.242.40.226 (ipv4) in associated telemetry. Severity medium. Awaiting triage.,211.242.40.226,ipv4,ACC-000082,new,api_token_abuse
INC-00117,2026-05-31 03:30:08,Alert on account ACC-000991 (Education / Eastern Europe): observed new_device_burst and geo_velocity. Source indicator 25.40.29.187 (ipv4) in associated telemetry. Severity low. Awaiting triage.,25.40.29.187,ipv4,ACC-000991,new,benign
INC-00118,2026-05-24 23:52:16,Alert on account ACC-001625 (Reseller / Unknown): observed malware_callback. Flagged indicator https://178.16.52.66/Bin/ScreenConnect.ClientSetup.exe (url) in associated telemetry; suspected ConnectWise activity. Severity high. Awaiting triage.,https://178.16.52.66/Bin/ScreenConnect.ClientSetup.exe,url,ACC-001625,new,malware_delivery
INC-00119,2026-05-24 17:09:37,Alert on account ACC-001095 (SMB / Middle East): observed api_token_abuse and bulk_account_creation. Source indicator 89.190.69.149 (ipv4) in associated telemetry. Severity critical. Awaiting triage.,89.190.69.149,ipv4,ACC-001095,new,api_token_abuse
INC-00120,2026-05-25 07:44:55,Alert on account ACC-001016 (SMB / South Asia): observed suspicious_oauth_grant. Source indicator vault-files.co (domain) in associated telemetry. Severity critical. Awaiting triage.,vault-files.co,domain,ACC-001016,new,phishing_wave
INC-00121,2026-05-15 04:50:32,Alert on account ACC-000631 (SMB / Middle East): observed bulk_account_creation. Source indicator 80.61.128.98 (ipv4) in associated telemetry. Severity medium. Awaiting triage.,80.61.128.98,ipv4,ACC-000631,new,api_token_abuse
INC-00122,2026-05-23 13:51:20,Alert on account ACC-000128 (Consumer / Unknown): observed malware_callback. Flagged indicator https://drive.google.com/uc?export=download&id=1YIG7DOblHF_bleLcPyNPR5F64Mr8zOMk (url) in associated telemetry; suspected GuLoader activity. Severity high. Awaiting triage.,https://drive.google.com/uc?export=download&id=1YIG7DOblHF_bleLcPyNPR5F64Mr8zOMk,url,ACC-000128,new,malware_delivery
INC-00123,2026-05-22 13:16:22,Alert on account ACC-000936 (Reseller / Eastern Europe): observed credential_stuffing and geo_velocity. Source indicator 242.95.45.136 (ipv4) in associated telemetry. Severity high. Awaiting triage.,242.95.45.136,ipv4,ACC-000936,new,credential_stuffing
INC-00124,2026-05-23 00:10:40,Alert on account ACC-000163 (Mid-Market / West Africa): observed mass_file_download and anomalous_share_external. Source indicator cdn-auth.net (domain) in associated telemetry. Severity high. Awaiting triage.,cdn-auth.net,domain,ACC-000163,new,data_exfiltration
INC-00125,2026-05-24 18:34:28,Alert on account ACC-001736 (Consumer / Southeast Asia): observed credential_stuffing and geo_velocity. Source indicator 48.13.10.234 (ipv4) in associated telemetry. Severity critical. Awaiting triage.,48.13.10.234,ipv4,ACC-001736,new,credential_stuffing
INC-00126,2026-05-26 06:32:50,Alert on account ACC-000835 (Consumer / West Africa): observed malware_callback. Flagged indicator http://42.229.216.91:43653/bin.sh (url) in associated telemetry; suspected Mozi activity. Severity low. Awaiting triage.,http://42.229.216.91:43653/bin.sh,url,ACC-000835,new,malware_delivery
INC-00127,2026-05-23 22:15:09,Alert on account ACC-000523 (SMB / East Asia): observed api_token_abuse. Source indicator 185.127.125.2 (ipv4) in associated telemetry. Severity medium. Awaiting triage.,185.127.125.2,ipv4,ACC-000523,new,api_token_abuse
INC-00128,2026-05-26 21:23:47,Alert on account ACC-001317 (Education / Eastern Europe): observed suspicious_oauth_grant and geo_velocity. Source indicator vault-share.co (domain) in associated telemetry. Severity critical. Awaiting triage.,vault-share.co,domain,ACC-001317,new,phishing_wave
INC-00129,2026-05-14 22:50:25,Alert on account ACC-001408 (Mid-Market / Unknown): observed credential_stuffing. Source indicator 134.27.216.5 (ipv4) in associated telemetry. Severity critical. Awaiting triage.,134.27.216.5,ipv4,ACC-001408,new,credential_stuffing
INC-00130,2026-05-12 02:21:50,Alert on account ACC-000103 (Consumer / South Asia): observed api_token_abuse and bulk_account_creation. Source indicator 98.249.50.135 (ipv4) in associated telemetry. Severity critical. Awaiting triage.,98.249.50.135,ipv4,ACC-000103,new,api_token_abuse
INC-00131,2026-05-30 23:24:49,Alert on account ACC-000640 (Consumer / Middle East): observed impossible_travel and mfa_fatigue. Source indicator 60.95.29.60 (ipv4) in associated telemetry. Severity low. Awaiting triage.,60.95.29.60,ipv4,ACC-000640,new,account_takeover
INC-00132,2026-06-01 23:39:03,Alert on account ACC-000065 (Enterprise / South Asia): observed malware_callback and bulk_account_creation. Flagged indicator http://219.157.176.118:43716/bin.sh (url) in associated telemetry; suspected Mozi activity. Severity medium. Awaiting triage.,http://219.157.176.118:43716/bin.sh,url,ACC-000065,new,malware_delivery
INC-00133,2026-05-29 00:38:29,Alert on account ACC-001687 (Consumer / East Asia): observed off_hours_admin and data_staging. Source indicator login-sync.io (domain) in associated telemetry. Severity high. Awaiting triage.,login-sync.io,domain,ACC-001687,new,insider_activity
INC-00134,2026-05-21 17:58:14,Alert on account ACC-001431 (SMB / West Africa): observed mass_file_download and anomalous_share_external. Source indicator login-portal.net (domain) in associated telemetry. Severity medium. Awaiting triage.,login-portal.net,domain,ACC-001431,new,data_exfiltration
INC-00135,2026-05-23 07:58:46,Alert on account ACC-000104 (Education / Unknown): observed new_device_burst. Source indicator 70.40.240.253 (ipv4) in associated telemetry. Severity low. Awaiting triage.,70.40.240.253,ipv4,ACC-000104,new,benign
INC-00136,2026-05-25 23:49:49,Alert on account ACC-001583 (Education / East Asia): observed new_device_burst and geo_velocity. Source indicator 44.221.79.226 (ipv4) in associated telemetry. Severity high. Awaiting triage.,44.221.79.226,ipv4,ACC-001583,new,benign
INC-00137,2026-05-27 17:04:33,Alert on account ACC-001700 (Reseller / North America): observed suspicious_oauth_grant. Source indicator update-share.com (domain) in associated telemetry. Severity low. Awaiting triage.,update-share.com,domain,ACC-001700,new,phishing_wave
INC-00138,2026-05-11 07:55:54,Alert on account ACC-000707 (Consumer / West Africa): observed suspicious_oauth_grant. Source indicator login-files.com (domain) in associated telemetry. Severity low. Awaiting triage.,login-files.com,domain,ACC-000707,new,phishing_wave
INC-00139,2026-05-11 12:44:36,Alert on account ACC-001181 (Reseller / South Asia): observed api_token_abuse and bulk_account_creation. Source indicator 118.39.33.25 (ipv4) in associated telemetry. Severity critical. Awaiting triage.,118.39.33.25,ipv4,ACC-001181,new,api_token_abuse
INC-00140,2026-05-11 23:36:03,Alert on account ACC-001684 (Enterprise / Middle East): observed impossible_travel and mfa_fatigue. Source indicator 64.166.36.245 (ipv4) in associated telemetry. Severity critical. Awaiting triage.,64.166.36.245,ipv4,ACC-001684,new,account_takeover
INC-00141,2026-05-21 14:43:11,Alert on account ACC-001060 (Education / Middle East): observed malware_callback. Flagged indicator http://185.234.100.154/Binary/kwari.arm5 (url) in associated telemetry; suspected Mirai activity. Severity medium. Awaiting triage.,http://185.234.100.154/Binary/kwari.arm5,url,ACC-001060,new,malware_delivery
INC-00142,2026-05-21 23:48:52,Alert on account ACC-000667 (Consumer / East Asia): observed new_device_burst and geo_velocity and mass_file_download. Source indicator 107.201.210.115 (ipv4) in associated telemetry. Severity critical. Awaiting triage.,107.201.210.115,ipv4,ACC-000667,new,benign
INC-00143,2026-05-24 15:51:47,Alert on account ACC-001929 (Mid-Market / North America): observed api_token_abuse and bulk_account_creation. Source indicator 70.237.19.114 (ipv4) in associated telemetry. Severity critical. Awaiting triage.,70.237.19.114,ipv4,ACC-001929,new,api_token_abuse
INC-00144,2026-05-28 14:30:26,Alert on account ACC-001950 (Consumer / Eastern Europe): observed impossible_travel and mfa_fatigue. Source indicator 123.23.208.226 (ipv4) in associated telemetry. Severity medium. Awaiting triage.,123.23.208.226,ipv4,ACC-001950,new,account_takeover
INC-00145,2026-05-19 18:44:15,Alert on account ACC-000730 (Consumer / Eastern Europe): observed credential_stuffing and geo_velocity. Source indicator 5.183.65.60 (ipv4) in associated telemetry. Severity medium. Awaiting triage.,5.183.65.60,ipv4,ACC-000730,new,credential_stuffing
INC-00146,2026-05-13 15:28:47,Alert on account ACC-000747 (SMB / North America): observed api_token_abuse and bulk_account_creation. Source indicator 76.99.246.67 (ipv4) in associated telemetry. Severity critical. Awaiting triage.,76.99.246.67,ipv4,ACC-000747,new,api_token_abuse
INC-00147,2026-06-01 19:46:37,Alert on account ACC-001923 (Mid-Market / Middle East): observed malware_callback. Flagged indicator http://vps36563.maxko-hosting.net/FBI.sh4 (url) in associated telemetry; suspected Gafgyt activity. Severity high. Awaiting triage.,http://vps36563.maxko-hosting.net/FBI.sh4,url,ACC-001923,new,malware_delivery
INC-00148,2026-05-12 02:44:29,Alert on account ACC-001615 (Reseller / East Asia): observed credential_stuffing. Source indicator 167.159.73.15 (ipv4) in associated telemetry. Severity low. Awaiting triage.,167.159.73.15,ipv4,ACC-001615,new,credential_stuffing
INC-00149,2026-06-01 03:15:43,Alert on account ACC-000931 (Reseller / Eastern Europe): observed malware_callback. Flagged indicator http://www.vame.be/qwertyuiop.png (url) in associated telemetry. Severity low. Awaiting triage.,http://www.vame.be/qwertyuiop.png,url,ACC-000931,new,malware_delivery
INC-00150,2026-05-13 06:40:51,Alert on account ACC-000848 (Consumer / East Asia): observed off_hours_admin and data_staging. Source indicator secure-sync.com (domain) in associated telemetry. Severity low. Awaiting triage.,secure-sync.com,domain,ACC-000848,new,insider_activity
INC-00151,2026-05-11 17:31:01,Alert on account ACC-000474 (Mid-Market / East Asia): observed mass_file_download and anomalous_share_external. Source indicator cdn-files.co (domain) in associated telemetry. Severity low. Awaiting triage.,cdn-files.co,domain,ACC-000474,new,data_exfiltration
INC-00152,2026-05-22 03:13:00,Alert on account ACC-000851 (Reseller / Southeast Asia): observed api_token_abuse and bulk_account_creation. Source indicator 167.248.46.6 (ipv4) in associated telemetry. Severity medium. Awaiting triage.,167.248.46.6,ipv4,ACC-000851,new,api_token_abuse
INC-00153,2026-05-19 13:31:34,Alert on account ACC-000147 (Reseller / South Asia): observed mass_file_download and anomalous_share_external. Source indicator vault-sync.io (domain) in associated telemetry. Severity medium. Awaiting triage.,vault-sync.io,domain,ACC-000147,new,data_exfiltration
INC-00154,2026-05-28 10:27:46,Alert on account ACC-001662 (Consumer / East Asia): observed impossible_travel and mfa_fatigue. Source indicator 216.227.201.206 (ipv4) in associated telemetry. Severity critical. Awaiting triage.,216.227.201.206,ipv4,ACC-001662,new,account_takeover
INC-00155,2026-05-18 08:30:27,Alert on account ACC-000252 (Enterprise / East Asia): observed mass_file_download and anomalous_share_external. Source indicator vault-auth.net (domain) in associated telemetry. Severity high. Awaiting triage.,vault-auth.net,domain,ACC-000252,new,data_exfiltration
INC-00156,2026-05-19 19:36:00,Alert on account ACC-001256 (Consumer / Unknown): observed off_hours_admin and data_staging. Source indicator secure-portal.net (domain) in associated telemetry. Severity low. Awaiting triage.,secure-portal.net,domain,ACC-001256,new,insider_activity
INC-00157,2026-05-17 18:39:11,Alert on account ACC-001409 (Consumer / Unknown): observed new_device_burst and geo_velocity. Source indicator 66.6.226.238 (ipv4) in associated telemetry. Severity high. Awaiting triage.,66.6.226.238,ipv4,ACC-001409,new,benign
INC-00158,2026-05-22 04:01:12,Alert on account ACC-000680 (Mid-Market / East Asia): observed new_device_burst and geo_velocity. Source indicator 63.218.101.155 (ipv4) in associated telemetry. Severity critical. Awaiting triage.,63.218.101.155,ipv4,ACC-000680,new,benign
INC-00159,2026-05-12 12:09:52,Alert on account ACC-000329 (Consumer / Middle East): observed off_hours_admin and data_staging. Source indicator login-portal.co (domain) in associated telemetry. Severity critical. Awaiting triage.,login-portal.co,domain,ACC-000329,new,insider_activity
INC-00160,2026-06-01 23:48:03,Alert on account ACC-001856 (Mid-Market / North America): observed credential_stuffing and geo_velocity and bulk_account_creation. Source indicator 134.90.148.224 (ipv4) in associated telemetry. Severity low. Awaiting triage.,134.90.148.224,ipv4,ACC-001856,new,credential_stuffing
INC-00161,2026-05-14 17:52:31,Alert on account ACC-000586 (Mid-Market / Middle East): observed credential_stuffing and geo_velocity. Source indicator 171.36.8.145 (ipv4) in associated telemetry. Severity high. Awaiting triage.,171.36.8.145,ipv4,ACC-000586,new,credential_stuffing
INC-00162,2026-05-28 01:26:45,Alert on account ACC-001448 (Education / Eastern Europe): observed api_token_abuse and bulk_account_creation and geo_velocity. Source indicator 93.133.113.155 (ipv4) in associated telemetry. Severity medium. Awaiting triage.,93.133.113.155,ipv4,ACC-001448,new,api_token_abuse
INC-00163,2026-05-12 01:35:40,Alert on account ACC-001621 (Education / South Asia): observed new_device_burst and geo_velocity. Source indicator 181.236.147.151 (ipv4) in associated telemetry. Severity low. Awaiting triage.,181.236.147.151,ipv4,ACC-001621,new,benign
INC-00164,2026-06-01 13:42:31,Alert on account ACC-000426 (Mid-Market / Eastern Europe): observed malware_callback. Flagged indicator http://104.143.206.116/miraint.m68k (url) in associated telemetry; suspected Mirai activity. Severity low. Awaiting triage.,http://104.143.206.116/miraint.m68k,url,ACC-000426,new,malware_delivery
INC-00165,2026-05-22 08:32:29,Alert on account ACC-001662 (Consumer / East Asia): observed impossible_travel and mfa_fatigue. Source indicator 202.75.12.249 (ipv4) in associated telemetry. Severity low. Awaiting triage.,202.75.12.249,ipv4,ACC-001662,new,account_takeover
INC-00166,2026-05-18 10:56:44,Alert on account ACC-001859 (Consumer / North America): observed suspicious_oauth_grant. Source indicator vault-auth.io (domain) in associated telemetry. Severity high. Awaiting triage.,vault-auth.io,domain,ACC-001859,new,phishing_wave
INC-00167,2026-05-31 07:51:33,Alert on account ACC-001743 (SMB / Middle East): observed mass_file_download and anomalous_share_external. Source indicator update-share.io (domain) in associated telemetry. Severity high. Awaiting triage.,update-share.io,domain,ACC-001743,new,data_exfiltration
INC-00168,2026-05-14 14:28:57,Alert on account ACC-000785 (Education / Southeast Asia): observed malware_callback and anomalous_share_external. Flagged indicator http://115.59.238.224:37310/i (url) in associated telemetry; suspected Mozi activity. Severity medium. Awaiting triage.,http://115.59.238.224:37310/i,url,ACC-000785,new,malware_delivery
INC-00169,2026-05-26 09:54:50,Alert on account ACC-000889 (Consumer / Middle East): observed mass_file_download and anomalous_share_external. Source indicator login-share.com (domain) in associated telemetry. Severity medium. Awaiting triage.,login-share.com,domain,ACC-000889,new,data_exfiltration
INC-00170,2026-05-22 02:22:29,Alert on account ACC-000546 (SMB / Middle East): observed credential_stuffing and geo_velocity and new_device_burst. Source indicator 201.25.248.69 (ipv4) in associated telemetry. Severity high. Awaiting triage.,201.25.248.69,ipv4,ACC-000546,new,credential_stuffing
INC-00171,2026-05-15 04:38:42,Alert on account ACC-001613 (Reseller / West Africa): observed impossible_travel and mfa_fatigue. Source indicator 213.163.167.241 (ipv4) in associated telemetry. Severity medium. Awaiting triage.,213.163.167.241,ipv4,ACC-001613,new,account_takeover
INC-00172,2026-05-28 09:19:58,Alert on account ACC-000964 (Mid-Market / Unknown): observed credential_stuffing and geo_velocity. Source indicator 10.143.89.145 (ipv4) in associated telemetry. Severity high. Awaiting triage.,10.143.89.145,ipv4,ACC-000964,new,credential_stuffing
INC-00173,2026-05-22 05:12:10,Alert on account ACC-001382 (SMB / Eastern Europe): observed credential_stuffing and geo_velocity. Source indicator 204.215.95.34 (ipv4) in associated telemetry. Severity high. Awaiting triage.,204.215.95.34,ipv4,ACC-001382,new,credential_stuffing
INC-00174,2026-05-20 00:34:32,Alert on account ACC-001281 (Enterprise / South Asia): observed credential_stuffing and geo_velocity. Source indicator 127.206.190.227 (ipv4) in associated telemetry. Severity medium. Awaiting triage.,127.206.190.227,ipv4,ACC-001281,new,credential_stuffing
INC-00175,2026-05-18 20:15:53,Alert on account ACC-000115 (SMB / Southeast Asia): observed geo_velocity. Source indicator 163.215.237.15 (ipv4) in associated telemetry. Severity high. Awaiting triage.,163.215.237.15,ipv4,ACC-000115,new,credential_stuffing
INC-00176,2026-05-31 06:45:49,Alert on account ACC-001568 (Consumer / Eastern Europe): observed suspicious_oauth_grant. Source indicator secure-share.com (domain) in associated telemetry. Severity low. Awaiting triage.,secure-share.com,domain,ACC-001568,new,phishing_wave
INC-00177,2026-05-13 19:56:30,Alert on account ACC-000976 (SMB / Unknown): observed credential_stuffing and geo_velocity. Source indicator 168.233.53.229 (ipv4) in associated telemetry. Severity low. Awaiting triage.,168.233.53.229,ipv4,ACC-000976,new,credential_stuffing
INC-00178,2026-05-16 08:02:26,Alert on account ACC-001036 (Reseller / Middle East): observed new_device_burst and geo_velocity. Source indicator 50.34.38.158 (ipv4) in associated telemetry. Severity low. Awaiting triage.,50.34.38.158,ipv4,ACC-001036,new,benign
INC-00179,2026-05-28 14:57:18,Alert on account ACC-001558 (Consumer / Middle East): observed credential_stuffing and geo_velocity. Source indicator 34.148.113.234 (ipv4) in associated telemetry. Severity critical. Awaiting triage.,34.148.113.234,ipv4,ACC-001558,new,credential_stuffing
INC-00180,2026-05-17 22:36:37,Alert on account ACC-000858 (Reseller / Southeast Asia): observed malware_callback. Flagged indicator https://drive.google.com/uc?export=download&id=1z_o0dyBE-ElCt5XejBcobF38AXt8XLwt (url) in associated telemetry; suspected GuLoader activity. Severity critical. Awaiting triage.,https://drive.google.com/uc?export=download&id=1z_o0dyBE-ElCt5XejBcobF38AXt8XLwt,url,ACC-000858,new,malware_delivery
INC-00181,2026-05-22 12:07:28,Alert on account ACC-001666 (SMB / Middle East): observed new_device_burst and geo_velocity. Source indicator 185.58.242.38 (ipv4) in associated telemetry. Severity medium. Awaiting triage.,185.58.242.38,ipv4,ACC-001666,new,benign
INC-00182,2026-05-24 19:44:34,Alert on account ACC-000940 (Enterprise / South Asia): observed malware_callback. Flagged indicator http://110.36.1.200:54317/bin.sh (url) in associated telemetry; suspected Mozi activity. Severity medium. Awaiting triage.,http://110.36.1.200:54317/bin.sh,url,ACC-000940,new,malware_delivery
INC-00183,2026-05-14 14:19:35,Alert on account ACC-001018 (Education / Eastern Europe): observed api_token_abuse and bulk_account_creation. Source indicator 221.116.8.91 (ipv4) in associated telemetry. Severity high. Awaiting triage.,221.116.8.91,ipv4,ACC-001018,new,api_token_abuse
INC-00184,2026-05-16 08:01:12,Alert on account ACC-001521 (Mid-Market / Eastern Europe): observed impossible_travel and mfa_fatigue. Source indicator 113.44.190.129 (ipv4) in associated telemetry. Severity medium. Awaiting triage.,113.44.190.129,ipv4,ACC-001521,new,account_takeover
INC-00185,2026-05-15 23:20:25,Alert on account ACC-000822 (SMB / Eastern Europe): observed api_token_abuse and bulk_account_creation. Source indicator 193.97.14.243 (ipv4) in associated telemetry. Severity low. Awaiting triage.,193.97.14.243,ipv4,ACC-000822,new,api_token_abuse
INC-00186,2026-05-16 12:27:42,Alert on account ACC-000819 (Enterprise / Unknown): observed off_hours_admin and data_staging and api_token_abuse. Source indicator vault-share.com (domain) in associated telemetry. Severity critical. Awaiting triage.,vault-share.com,domain,ACC-000819,new,insider_activity
INC-00187,2026-05-20 00:18:03,Alert on account ACC-000110 (Education / Middle East): observed suspicious_oauth_grant. Source indicator dropbox-sync.co (domain) in associated telemetry. Severity medium. Awaiting triage.,dropbox-sync.co,domain,ACC-000110,new,phishing_wave
INC-00188,2026-05-12 01:59:51,Alert on account ACC-000110 (Education / Middle East): observed new_device_burst and geo_velocity. Source indicator 68.105.1.214 (ipv4) in associated telemetry. Severity medium. Awaiting triage.,68.105.1.214,ipv4,ACC-000110,new,benign
INC-00189,2026-05-15 17:49:54,Alert on account ACC-001486 (Consumer / Southeast Asia): observed mass_file_download and anomalous_share_external. Source indicator secure-share.net (domain) in associated telemetry. Severity medium. Awaiting triage.,secure-share.net,domain,ACC-001486,new,data_exfiltration
INC-00190,2026-06-01 04:46:11,Alert on account ACC-001561 (Enterprise / Southeast Asia): observed malware_callback. Flagged indicator http://115.48.55.193:46893/bin.sh (url) in associated telemetry; suspected Mozi activity. Severity critical. Awaiting triage.,http://115.48.55.193:46893/bin.sh,url,ACC-001561,new,malware_delivery
INC-00191,2026-05-19 02:49:20,Alert on account ACC-000571 (Reseller / South Asia): observed impossible_travel and mfa_fatigue and geo_velocity. Source indicator 229.127.220.10 (ipv4) in associated telemetry. Severity critical. Awaiting triage.,229.127.220.10,ipv4,ACC-000571,new,account_takeover
INC-00192,2026-05-30 03:52:56,Alert on account ACC-001637 (Reseller / Unknown): observed off_hours_admin and data_staging and mass_file_download. Source indicator login-portal.net (domain) in associated telemetry. Severity high. Awaiting triage.,login-portal.net,domain,ACC-001637,new,insider_activity
INC-00193,2026-05-17 03:45:59,Alert on account ACC-001169 (Education / Unknown): observed off_hours_admin and data_staging. Source indicator secure-share.com (domain) in associated telemetry. Severity low. Awaiting triage.,secure-share.com,domain,ACC-001169,new,insider_activity
INC-00194,2026-05-19 20:28:56,Alert on account ACC-001687 (Consumer / East Asia): observed credential_stuffing and geo_velocity. Source indicator 68.192.252.68 (ipv4) in associated telemetry. Severity critical. Awaiting triage.,68.192.252.68,ipv4,ACC-001687,new,credential_stuffing
INC-00195,2026-05-19 20:46:16,Alert on account ACC-000369 (SMB / East Asia): observed malware_callback. Flagged indicator https://drive.google.com/uc?export=download&id=1gQu2gDfdL5YpUWFw2n8kDGSAj_bS81Vc (url) in associated telemetry; suspected GuLoader activity. Severity medium. Awaiting triage.,https://drive.google.com/uc?export=download&id=1gQu2gDfdL5YpUWFw2n8kDGSAj_bS81Vc,url,ACC-000369,new,malware_delivery
INC-00196,2026-05-19 14:34:45,Alert on account ACC-001357 (Enterprise / North America): observed impossible_travel and mfa_fatigue. Source indicator 3.43.137.40 (ipv4) in associated telemetry. Severity medium. Awaiting triage.,3.43.137.40,ipv4,ACC-001357,new,account_takeover
INC-00197,2026-05-21 14:38:59,Alert on account ACC-001322 (Consumer / Eastern Europe): observed credential_stuffing and geo_velocity. Source indicator 242.181.238.86 (ipv4) in associated telemetry. Severity medium. Awaiting triage.,242.181.238.86,ipv4,ACC-001322,new,credential_stuffing
INC-00198,2026-05-17 22:51:01,Alert on account ACC-000523 (SMB / East Asia): observed malware_callback. Flagged indicator http://112.93.138.255:34846/i (url) in associated telemetry; suspected Mozi activity. Severity critical. Awaiting triage.,http://112.93.138.255:34846/i,url,ACC-000523,new,malware_delivery
INC-00199,2026-05-16 08:58:15,Alert on account ACC-000272 (Reseller / South Asia): observed api_token_abuse and bulk_account_creation and mass_file_download. Source indicator 51.40.165.221 (ipv4) in associated telemetry. Severity low. Awaiting triage.,51.40.165.221,ipv4,ACC-000272,new,api_token_abuse
INC-00200,2026-05-29 05:24:16,Alert on account ACC-001035 (Reseller / Southeast Asia): observed off_hours_admin and data_staging. Source indicator secure-sync.com (domain) in associated telemetry. Severity medium. Awaiting triage.,secure-sync.com,domain,ACC-001035,new,insider_activity
INC-00201,2026-05-12 01:45:20,Alert on account ACC-001408 (Mid-Market / Unknown): observed api_token_abuse and bulk_account_creation and data_staging. Source indicator 104.243.232.19 (ipv4) in associated telemetry. Severity medium. Awaiting triage.,104.243.232.19,ipv4,ACC-001408,new,api_token_abuse
INC-00202,2026-05-18 10:51:40,Alert on account ACC-001738 (Education / Unknown): observed credential_stuffing and geo_velocity. Source indicator 35.47.14.219 (ipv4) in associated telemetry. Severity low. Awaiting triage.,35.47.14.219,ipv4,ACC-001738,new,credential_stuffing
INC-00203,2026-05-16 04:12:09,Alert on account ACC-001016 (SMB / South Asia): observed api_token_abuse and bulk_account_creation. Source indicator 244.213.188.213 (ipv4) in associated telemetry. Severity medium. Awaiting triage.,244.213.188.213,ipv4,ACC-001016,new,api_token_abuse
INC-00204,2026-05-13 06:16:02,Alert on account ACC-001578 (Consumer / Unknown): observed api_token_abuse and bulk_account_creation and data_staging. Source indicator 251.182.21.97 (ipv4) in associated telemetry. Severity high. Awaiting triage.,251.182.21.97,ipv4,ACC-001578,new,api_token_abuse
INC-00205,2026-05-30 15:07:52,Alert on account ACC-001344 (SMB / Southeast Asia): observed suspicious_oauth_grant. Source indicator update-share.com (domain) in associated telemetry. Severity low. Awaiting triage.,update-share.com,domain,ACC-001344,new,phishing_wave
INC-00206,2026-06-01 03:28:35,Alert on account ACC-001767 (Mid-Market / East Asia): observed off_hours_admin and data_staging. Source indicator secure-portal.co (domain) in associated telemetry. Severity low. Awaiting triage.,secure-portal.co,domain,ACC-001767,new,insider_activity
INC-00207,2026-05-16 08:33:05,Alert on account ACC-001996 (Education / Southeast Asia): observed malware_callback. Flagged indicator http://42.229.216.91:43653/bin.sh (url) in associated telemetry; suspected Mozi activity. Severity low. Awaiting triage.,http://42.229.216.91:43653/bin.sh,url,ACC-001996,new,malware_delivery
INC-00208,2026-05-27 18:33:34,Alert on account ACC-001516 (Education / Unknown): observed api_token_abuse and bulk_account_creation. Source indicator 12.150.15.200 (ipv4) in associated telemetry. Severity medium. Awaiting triage.,12.150.15.200,ipv4,ACC-001516,new,api_token_abuse
INC-00209,2026-05-20 23:36:48,Alert on account ACC-001726 (Mid-Market / South Asia): observed bulk_account_creation. Source indicator 175.242.62.184 (ipv4) in associated telemetry. Severity critical. Awaiting triage.,175.242.62.184,ipv4,ACC-001726,new,api_token_abuse
INC-00210,2026-05-19 14:09:59,Alert on account ACC-000939 (Education / East Asia): observed malware_callback. Flagged indicator http://5.175.217.137/bins/sora.spc (url) in associated telemetry; suspected Mirai activity. Severity critical. Awaiting triage.,http://5.175.217.137/bins/sora.spc,url,ACC-000939,new,malware_delivery
INC-00211,2026-05-31 00:29:18,Alert on account ACC-000474 (Mid-Market / East Asia): observed new_device_burst and geo_velocity and off_hours_admin. Source indicator 178.85.162.229 (ipv4) in associated telemetry. Severity low. Awaiting triage.,178.85.162.229,ipv4,ACC-000474,new,benign
INC-00212,2026-05-12 09:56:54,Alert on account ACC-001219 (Enterprise / South Asia): observed geo_velocity. Source indicator 62.7.182.114 (ipv4) in associated telemetry. Severity high. Awaiting triage.,62.7.182.114,ipv4,ACC-001219,new,credential_stuffing
INC-00213,2026-05-11 20:39:22,Alert on account ACC-000116 (Consumer / Middle East): observed off_hours_admin and data_staging. Source indicator dropbox-portal.com (domain) in associated telemetry. Severity low. Awaiting triage.,dropbox-portal.com,domain,ACC-000116,new,insider_activity
INC-00214,2026-05-28 11:20:50,Alert on account ACC-001684 (Enterprise / Middle East): observed impossible_travel and mfa_fatigue and geo_velocity. Source indicator 28.236.85.10 (ipv4) in associated telemetry. Severity high. Awaiting triage.,28.236.85.10,ipv4,ACC-001684,new,account_takeover
INC-00215,2026-05-27 13:54:50,Alert on account ACC-001464 (Reseller / Unknown): observed credential_stuffing and geo_velocity. Source indicator 218.224.179.158 (ipv4) in associated telemetry. Severity low. Awaiting triage.,218.224.179.158,ipv4,ACC-001464,new,credential_stuffing
INC-00216,2026-05-11 04:41:49,Alert on account ACC-000981 (SMB / Eastern Europe): observed api_token_abuse and bulk_account_creation. Source indicator 137.2.108.122 (ipv4) in associated telemetry. Severity critical. Awaiting triage.,137.2.108.122,ipv4,ACC-000981,new,api_token_abuse
INC-00217,2026-05-21 23:24:46,Alert on account ACC-001066 (Reseller / West Africa): observed mfa_fatigue and data_staging. Source indicator 154.176.56.136 (ipv4) in associated telemetry. Severity low. Awaiting triage.,154.176.56.136,ipv4,ACC-001066,new,account_takeover
INC-00218,2026-05-23 03:52:52,Alert on account ACC-001537 (Education / West Africa): observed credential_stuffing. Source indicator 187.82.205.80 (ipv4) in associated telemetry. Severity high. Awaiting triage.,187.82.205.80,ipv4,ACC-001537,new,credential_stuffing
INC-00219,2026-05-14 16:18:21,Alert on account ACC-000132 (Enterprise / Middle East): observed new_device_burst and geo_velocity. Source indicator 185.66.70.49 (ipv4) in associated telemetry. Severity medium. Awaiting triage.,185.66.70.49,ipv4,ACC-000132,new,benign
INC-00220,2026-06-01 12:22:24,Alert on account ACC-001490 (SMB / North America): observed new_device_burst. Source indicator 167.227.182.116 (ipv4) in associated telemetry. Severity high. Awaiting triage.,167.227.182.116,ipv4,ACC-001490,new,benign
INC-00221,2026-05-29 04:50:54,Alert on account ACC-001598 (Reseller / North America): observed malware_callback. Flagged indicator http://69.178.5.220:60908/i (url) in associated telemetry; suspected Mirai activity. Severity medium. Awaiting triage.,http://69.178.5.220:60908/i,url,ACC-001598,new,malware_delivery
INC-00222,2026-05-22 16:29:25,Alert on account ACC-000185 (Reseller / Eastern Europe): observed impossible_travel and mfa_fatigue. Source indicator 51.229.86.245 (ipv4) in associated telemetry. Severity high. Awaiting triage.,51.229.86.245,ipv4,ACC-000185,new,account_takeover
INC-00223,2026-05-23 16:20:50,Alert on account ACC-000564 (SMB / Eastern Europe): observed malware_callback. Flagged indicator http://64.89.161.140/bins/psh4 (url) in associated telemetry; suspected Mirai activity. Severity low. Awaiting triage.,http://64.89.161.140/bins/psh4,url,ACC-000564,new,malware_delivery
INC-00224,2026-05-11 13:50:31,Alert on account ACC-001060 (Education / Middle East): observed new_device_burst and geo_velocity. Source indicator 210.229.224.20 (ipv4) in associated telemetry. Severity low. Awaiting triage.,210.229.224.20,ipv4,ACC-001060,new,benign
INC-00225,2026-05-16 14:53:11,Alert on account ACC-000192 (Consumer / Southeast Asia): observed impossible_travel and mfa_fatigue and new_device_burst. Source indicator 15.194.32.195 (ipv4) in associated telemetry. Severity critical. Awaiting triage.,15.194.32.195,ipv4,ACC-000192,new,account_takeover
INC-00226,2026-05-25 05:04:27,Alert on account ACC-000012 (SMB / South Asia): observed anomalous_share_external. Source indicator update-share.co (domain) in associated telemetry. Severity critical. Awaiting triage.,update-share.co,domain,ACC-000012,new,data_exfiltration
INC-00227,2026-05-21 16:11:26,Alert on account ACC-000341 (Enterprise / Unknown): observed suspicious_oauth_grant. Source indicator vault-share.net (domain) in associated telemetry. Severity high. Awaiting triage.,vault-share.net,domain,ACC-000341,new,phishing_wave
INC-00228,2026-05-18 20:41:25,Alert on account ACC-001150 (Enterprise / Eastern Europe): observed credential_stuffing and geo_velocity. Source indicator 246.14.204.129 (ipv4) in associated telemetry. Severity critical. Awaiting triage.,246.14.204.129,ipv4,ACC-001150,new,credential_stuffing
INC-00229,2026-05-21 13:05:19,Alert on account ACC-000529 (Mid-Market / Southeast Asia): observed api_token_abuse and bulk_account_creation and mfa_fatigue. Source indicator 3.113.94.161 (ipv4) in associated telemetry. Severity low. Awaiting triage.,3.113.94.161,ipv4,ACC-000529,new,api_token_abuse
INC-00230,2026-05-15 11:41:39,Alert on account ACC-000706 (Enterprise / South Asia): observed malware_callback. Flagged indicator http://83.142.209.226/bins/arm6 (url) in associated telemetry; suspected Mirai activity. Severity high. Awaiting triage.,http://83.142.209.226/bins/arm6,url,ACC-000706,new,malware_delivery
INC-00231,2026-05-17 20:41:47,Alert on account ACC-000860 (Enterprise / Southeast Asia): observed suspicious_oauth_grant. Source indicator dropbox-portal.co (domain) in associated telemetry. Severity critical. Awaiting triage.,dropbox-portal.co,domain,ACC-000860,new,phishing_wave
INC-00232,2026-05-11 20:00:08,Alert on account ACC-000716 (Consumer / North America): observed credential_stuffing and geo_velocity and mfa_fatigue. Source indicator 208.7.47.130 (ipv4) in associated telemetry. Severity high. Awaiting triage.,208.7.47.130,ipv4,ACC-000716,new,credential_stuffing
INC-00233,2026-05-18 13:25:38,Alert on account ACC-001994 (Education / West Africa): observed mfa_fatigue. Source indicator 94.113.121.8 (ipv4) in associated telemetry. Severity medium. Awaiting triage.,94.113.121.8,ipv4,ACC-001994,new,account_takeover
INC-00234,2026-05-13 00:25:25,Alert on account ACC-000772 (SMB / Southeast Asia): observed off_hours_admin and data_staging. Source indicator cdn-auth.co (domain) in associated telemetry. Severity critical. Awaiting triage.,cdn-auth.co,domain,ACC-000772,new,insider_activity
INC-00235,2026-05-30 21:29:35,Alert on account ACC-001637 (Reseller / Unknown): observed new_device_burst and geo_velocity. Source indicator 134.44.66.181 (ipv4) in associated telemetry. Severity high. Awaiting triage.,134.44.66.181,ipv4,ACC-001637,new,benign
INC-00236,2026-05-27 13:29:52,Alert on account ACC-001556 (Enterprise / North America): observed new_device_burst and geo_velocity and suspicious_oauth_grant. Source indicator 91.51.155.254 (ipv4) in associated telemetry. Severity medium. Awaiting triage.,91.51.155.254,ipv4,ACC-001556,new,benign
INC-00237,2026-05-11 22:16:35,Alert on account ACC-000185 (Reseller / Eastern Europe): observed impossible_travel and mfa_fatigue. Source indicator 241.70.85.234 (ipv4) in associated telemetry. Severity medium. Awaiting triage.,241.70.85.234,ipv4,ACC-000185,new,account_takeover
INC-00238,2026-05-27 14:08:19,Alert on account ACC-001688 (Reseller / North America): observed mass_file_download and anomalous_share_external. Source indicator dropbox-auth.net (domain) in associated telemetry. Severity critical. Awaiting triage.,dropbox-auth.net,domain,ACC-001688,new,data_exfiltration
INC-00239,2026-05-17 08:15:44,Alert on account ACC-001821 (Education / Unknown): observed off_hours_admin and data_staging. Source indicator secure-auth.net (domain) in associated telemetry. Severity critical. Awaiting triage.,secure-auth.net,domain,ACC-001821,new,insider_activity
INC-00240,2026-05-17 19:00:14,Alert on account ACC-001172 (Education / Middle East): observed new_device_burst and geo_velocity. Source indicator 24.235.155.154 (ipv4) in associated telemetry. Severity low. Awaiting triage.,24.235.155.154,ipv4,ACC-001172,new,benign
INC-00241,2026-05-11 08:02:19,Alert on account ACC-001153 (Reseller / Southeast Asia): observed off_hours_admin and data_staging. Source indicator login-share.net (domain) in associated telemetry. Severity high. Awaiting triage.,login-share.net,domain,ACC-001153,new,insider_activity
INC-00242,2026-06-01 00:30:36,Alert on account ACC-001611 (Enterprise / West Africa): observed impossible_travel and mfa_fatigue. Source indicator 140.47.156.5 (ipv4) in associated telemetry. Severity low. Awaiting triage.,140.47.156.5,ipv4,ACC-001611,new,account_takeover
INC-00243,2026-05-12 02:12:45,Alert on account ACC-000664 (Consumer / East Asia): observed malware_callback. Flagged indicator https://brenmayasociados.com/sass/optimized_MSIyu.png (url) in associated telemetry. Severity low. Awaiting triage.,https://brenmayasociados.com/sass/optimized_MSIyu.png,url,ACC-000664,new,malware_delivery
INC-00244,2026-05-29 12:09:19,Alert on account ACC-001379 (SMB / Eastern Europe): observed suspicious_oauth_grant. Source indicator dropbox-files.co (domain) in associated telemetry. Severity medium. Awaiting triage.,dropbox-files.co,domain,ACC-001379,new,phishing_wave
INC-00245,2026-05-19 22:16:51,Alert on account ACC-001620 (SMB / North America): observed new_device_burst and geo_velocity. Source indicator 135.112.55.23 (ipv4) in associated telemetry. Severity medium. Awaiting triage.,135.112.55.23,ipv4,ACC-001620,new,benign
INC-00246,2026-05-25 19:38:32,Alert on account ACC-001558 (Consumer / Middle East): observed impossible_travel and mfa_fatigue. Source indicator 155.226.15.93 (ipv4) in associated telemetry. Severity critical. Awaiting triage.,155.226.15.93,ipv4,ACC-001558,new,account_takeover
INC-00247,2026-05-11 18:45:44,Alert on account ACC-000867 (Enterprise / North America): observed credential_stuffing and geo_velocity. Source indicator 176.209.213.127 (ipv4) in associated telemetry. Severity medium. Awaiting triage.,176.209.213.127,ipv4,ACC-000867,new,credential_stuffing
INC-00248,2026-05-17 09:35:29,Alert on account ACC-000960 (Enterprise / Eastern Europe): observed anomalous_share_external. Source indicator update-share.com (domain) in associated telemetry. Severity critical. Awaiting triage.,update-share.com,domain,ACC-000960,new,data_exfiltration
INC-00249,2026-05-23 14:21:06,Alert on account ACC-001094 (Enterprise / South Asia): observed suspicious_oauth_grant. Source indicator cdn-share.io (domain) in associated telemetry. Severity low. Awaiting triage.,cdn-share.io,domain,ACC-001094,new,phishing_wave
INC-00250,2026-06-01 12:28:48,Alert on account ACC-000664 (Consumer / East Asia): observed api_token_abuse and bulk_account_creation. Source indicator 52.13.121.62 (ipv4) in associated telemetry. Severity low. Awaiting triage.,52.13.121.62,ipv4,ACC-000664,new,api_token_abuse
INC-00251,2026-05-27 01:40:49,Alert on account ACC-001508 (Reseller / North America): observed credential_stuffing and geo_velocity. Source indicator 235.134.12.121 (ipv4) in associated telemetry. Severity low. Awaiting triage.,235.134.12.121,ipv4,ACC-001508,new,credential_stuffing
INC-00252,2026-05-29 13:45:23,Alert on account ACC-001995 (Enterprise / Southeast Asia): observed new_device_burst and geo_velocity. Source indicator 203.3.147.182 (ipv4) in associated telemetry. Severity medium. Awaiting triage.,203.3.147.182,ipv4,ACC-001995,new,benign
INC-00253,2026-05-30 21:45:43,Alert on account ACC-001628 (Enterprise / South Asia): observed new_device_burst and geo_velocity. Source indicator 113.189.117.182 (ipv4) in associated telemetry. Severity medium. Awaiting triage.,113.189.117.182,ipv4,ACC-001628,new,benign
INC-00254,2026-05-16 06:25:48,Alert on account ACC-001153 (Reseller / Southeast Asia): observed api_token_abuse and bulk_account_creation and suspicious_oauth_grant. Source indicator 68.42.85.237 (ipv4) in associated telemetry. Severity low. Awaiting triage.,68.42.85.237,ipv4,ACC-001153,new,api_token_abuse
INC-00255,2026-05-19 22:37:56,Alert on account ACC-000789 (Reseller / East Asia): observed api_token_abuse and bulk_account_creation. Source indicator 205.216.113.69 (ipv4) in associated telemetry. Severity critical. Awaiting triage.,205.216.113.69,ipv4,ACC-000789,new,api_token_abuse
INC-00256,2026-05-19 11:36:08,Alert on account ACC-001183 (Enterprise / South Asia): observed impossible_travel and mfa_fatigue. Source indicator 15.87.133.135 (ipv4) in associated telemetry. Severity high. Awaiting triage.,15.87.133.135,ipv4,ACC-001183,new,account_takeover
INC-00257,2026-05-28 01:18:01,Alert on account ACC-001648 (SMB / North America): observed api_token_abuse and bulk_account_creation and anomalous_share_external. Source indicator 160.108.7.79 (ipv4) in associated telemetry. Severity medium. Awaiting triage.,160.108.7.79,ipv4,ACC-001648,new,api_token_abuse
INC-00258,2026-05-13 00:24:19,Alert on account ACC-001310 (Enterprise / Middle East): observed off_hours_admin and data_staging and mfa_fatigue. Source indicator vault-share.net (domain) in associated telemetry. Severity low. Awaiting triage.,vault-share.net,domain,ACC-001310,new,insider_activity
INC-00259,2026-05-26 12:15:16,Alert on account ACC-001346 (Reseller / Middle East): observed off_hours_admin and data_staging. Source indicator vault-portal.com (domain) in associated telemetry. Severity low. Awaiting triage.,vault-portal.com,domain,ACC-001346,new,insider_activity
INC-00260,2026-05-26 00:47:57,Alert on account ACC-000082 (Consumer / East Asia): observed off_hours_admin and data_staging and new_device_burst. Source indicator vault-share.co (domain) in associated telemetry. Severity critical. Awaiting triage.,vault-share.co,domain,ACC-000082,new,insider_activity
INC-00261,2026-05-17 07:50:53,Alert on account ACC-001502 (Reseller / North America): observed impossible_travel and mfa_fatigue and new_device_burst. Source indicator 116.204.168.11 (ipv4) in associated telemetry. Severity medium. Awaiting triage.,116.204.168.11,ipv4,ACC-001502,new,account_takeover
INC-00262,2026-05-27 12:08:19,Alert on account ACC-001037 (Education / South Asia): observed new_device_burst and geo_velocity. Source indicator 168.181.76.168 (ipv4) in associated telemetry. Severity high. Awaiting triage.,168.181.76.168,ipv4,ACC-001037,new,benign
INC-00263,2026-05-17 03:47:32,Alert on account ACC-001159 (SMB / East Asia): observed suspicious_oauth_grant. Source indicator secure-auth.co (domain) in associated telemetry. Severity critical. Awaiting triage.,secure-auth.co,domain,ACC-001159,new,phishing_wave
INC-00264,2026-05-17 07:15:01,Alert on account ACC-000163 (Mid-Market / West Africa): observed credential_stuffing and geo_velocity. Source indicator 129.253.218.237 (ipv4) in associated telemetry. Severity critical. Awaiting triage.,129.253.218.237,ipv4,ACC-000163,new,credential_stuffing
INC-00265,2026-05-17 12:21:33,Alert on account ACC-001002 (Enterprise / West Africa): observed impossible_travel and mfa_fatigue. Source indicator 184.227.145.142 (ipv4) in associated telemetry. Severity high. Awaiting triage.,184.227.145.142,ipv4,ACC-001002,new,account_takeover
INC-00266,2026-05-11 01:17:31,Alert on account ACC-001020 (Mid-Market / Southeast Asia): observed off_hours_admin and data_staging. Source indicator login-auth.co (domain) in associated telemetry. Severity medium. Awaiting triage.,login-auth.co,domain,ACC-001020,new,insider_activity
INC-00267,2026-05-19 18:22:15,Alert on account ACC-000018 (Consumer / South Asia): observed new_device_burst and geo_velocity. Source indicator 131.35.18.13 (ipv4) in associated telemetry. Severity high. Awaiting triage.,131.35.18.13,ipv4,ACC-000018,new,benign
INC-00268,2026-05-12 23:39:20,Alert on account ACC-001397 (Education / North America): observed suspicious_oauth_grant and impossible_travel. Source indicator cdn-share.co (domain) in associated telemetry. Severity medium. Awaiting triage.,cdn-share.co,domain,ACC-001397,new,phishing_wave
INC-00269,2026-05-15 16:44:02,Alert on account ACC-000571 (Reseller / South Asia): observed suspicious_oauth_grant. Source indicator login-share.net (domain) in associated telemetry. Severity high. Awaiting triage.,login-share.net,domain,ACC-000571,new,phishing_wave
INC-00270,2026-05-19 02:42:39,Alert on account ACC-000229 (Consumer / West Africa): observed bulk_account_creation. Source indicator 56.2.114.190 (ipv4) in associated telemetry. Severity medium. Awaiting triage.,56.2.114.190,ipv4,ACC-000229,new,api_token_abuse
INC-00271,2026-05-22 19:51:37,Alert on account ACC-001336 (Education / South Asia): observed mass_file_download and anomalous_share_external. Source indicator login-files.com (domain) in associated telemetry. Severity high. Awaiting triage.,login-files.com,domain,ACC-001336,new,data_exfiltration
INC-00272,2026-05-29 05:46:45,Alert on account ACC-000855 (Education / West Africa): observed suspicious_oauth_grant. Source indicator vault-sync.co (domain) in associated telemetry. Severity high. Awaiting triage.,vault-sync.co,domain,ACC-000855,new,phishing_wave
INC-00273,2026-05-23 23:34:40,Alert on account ACC-000549 (Mid-Market / Unknown): observed suspicious_oauth_grant. Source indicator update-auth.net (domain) in associated telemetry. Severity high. Awaiting triage.,update-auth.net,domain,ACC-000549,new,phishing_wave
INC-00274,2026-05-21 12:57:31,Alert on account ACC-000973 (Reseller / West Africa): observed credential_stuffing and geo_velocity. Source indicator 132.191.167.165 (ipv4) in associated telemetry. Severity low. Awaiting triage.,132.191.167.165,ipv4,ACC-000973,new,credential_stuffing
INC-00275,2026-05-22 16:07:38,Alert on account ACC-000485 (Consumer / Unknown): observed geo_velocity. Source indicator 67.73.209.95 (ipv4) in associated telemetry. Severity critical. Awaiting triage.,67.73.209.95,ipv4,ACC-000485,new,credential_stuffing
INC-00276,2026-05-25 11:55:16,Alert on account ACC-000586 (Mid-Market / Middle East): observed mass_file_download and anomalous_share_external. Source indicator secure-portal.net (domain) in associated telemetry. Severity high. Awaiting triage.,secure-portal.net,domain,ACC-000586,new,data_exfiltration
INC-00277,2026-05-16 00:29:13,Alert on account ACC-000445 (SMB / South Asia): observed api_token_abuse and bulk_account_creation. Source indicator 65.112.243.33 (ipv4) in associated telemetry. Severity high. Awaiting triage.,65.112.243.33,ipv4,ACC-000445,new,api_token_abuse
INC-00278,2026-05-20 18:50:18,Alert on account ACC-000730 (Consumer / Eastern Europe): observed off_hours_admin. Source indicator login-share.net (domain) in associated telemetry. Severity high. Awaiting triage.,login-share.net,domain,ACC-000730,new,insider_activity
INC-00279,2026-05-17 16:30:43,Alert on account ACC-001583 (Education / East Asia): observed api_token_abuse and bulk_account_creation. Source indicator 90.137.60.21 (ipv4) in associated telemetry. Severity high. Awaiting triage.,90.137.60.21,ipv4,ACC-001583,new,api_token_abuse
INC-00280,2026-05-21 07:49:44,Alert on account ACC-001278 (Education / Unknown): observed off_hours_admin and data_staging. Source indicator login-sync.net (domain) in associated telemetry. Severity medium. Awaiting triage.,login-sync.net,domain,ACC-001278,new,insider_activity
INC-00281,2026-05-31 19:24:15,Alert on account ACC-001621 (Education / South Asia): observed new_device_burst and geo_velocity and mfa_fatigue. Source indicator 38.33.176.72 (ipv4) in associated telemetry. Severity high. Awaiting triage.,38.33.176.72,ipv4,ACC-001621,new,benign
INC-00282,2026-05-22 21:55:17,Alert on account ACC-000229 (Consumer / West Africa): observed off_hours_admin and data_staging. Source indicator update-files.io (domain) in associated telemetry. Severity medium. Awaiting triage.,update-files.io,domain,ACC-000229,new,insider_activity
INC-00283,2026-05-23 16:34:26,Alert on account ACC-001594 (Mid-Market / Middle East): observed api_token_abuse and bulk_account_creation. Source indicator 2.217.131.15 (ipv4) in associated telemetry. Severity high. Awaiting triage.,2.217.131.15,ipv4,ACC-001594,new,api_token_abuse
INC-00284,2026-05-18 10:38:05,Alert on account ACC-001159 (SMB / East Asia): observed api_token_abuse and bulk_account_creation. Source indicator 190.184.105.170 (ipv4) in associated telemetry. Severity medium. Awaiting triage.,190.184.105.170,ipv4,ACC-001159,new,api_token_abuse
INC-00285,2026-05-16 15:33:04,Alert on account ACC-000147 (Reseller / South Asia): observed suspicious_oauth_grant. Source indicator vault-sync.com (domain) in associated telemetry. Severity medium. Awaiting triage.,vault-sync.com,domain,ACC-000147,new,phishing_wave
INC-00286,2026-05-26 21:03:10,Alert on account ACC-000324 (Mid-Market / East Asia): observed suspicious_oauth_grant. Source indicator dropbox-portal.net (domain) in associated telemetry. Severity medium. Awaiting triage.,dropbox-portal.net,domain,ACC-000324,new,phishing_wave
INC-00287,2026-05-16 06:24:20,Alert on account ACC-000784 (Consumer / North America): observed credential_stuffing and geo_velocity. Source indicator 141.117.27.79 (ipv4) in associated telemetry. Severity low. Awaiting triage.,141.117.27.79,ipv4,ACC-000784,new,credential_stuffing
INC-00288,2026-05-22 01:33:05,Alert on account ACC-001485 (Enterprise / South Asia): observed malware_callback. Flagged indicator http://220.202.65.213:49911/bin.sh (url) in associated telemetry; suspected Mozi activity. Severity critical. Awaiting triage.,http://220.202.65.213:49911/bin.sh,url,ACC-001485,new,malware_delivery
INC-00289,2026-06-01 23:38:51,Alert on account ACC-000903 (SMB / Southeast Asia): observed new_device_burst and geo_velocity and credential_stuffing. Source indicator 85.85.122.254 (ipv4) in associated telemetry. Severity critical. Awaiting triage.,85.85.122.254,ipv4,ACC-000903,new,benign
INC-00290,2026-05-28 16:59:45,Alert on account ACC-001142 (Reseller / Unknown): observed new_device_burst and geo_velocity and impossible_travel. Source indicator 219.93.253.214 (ipv4) in associated telemetry. Severity critical. Awaiting triage.,219.93.253.214,ipv4,ACC-001142,new,benign
INC-00291,2026-05-14 09:25:01,Alert on account ACC-001448 (Education / Eastern Europe): observed api_token_abuse and bulk_account_creation and off_hours_admin. Source indicator 71.26.187.93 (ipv4) in associated telemetry. Severity medium. Awaiting triage.,71.26.187.93,ipv4,ACC-001448,new,api_token_abuse
INC-00292,2026-05-13 15:47:07,Alert on account ACC-000014 (Reseller / East Asia): observed mass_file_download and anomalous_share_external. Source indicator dropbox-sync.co (domain) in associated telemetry. Severity medium. Awaiting triage.,dropbox-sync.co,domain,ACC-000014,new,data_exfiltration
INC-00293,2026-05-14 05:03:37,Alert on account ACC-000628 (Reseller / South Asia): observed malware_callback. Flagged indicator http://122.157.66.34:55687/i (url) in associated telemetry; suspected Mirai activity. Severity low. Awaiting triage.,http://122.157.66.34:55687/i,url,ACC-000628,new,malware_delivery
INC-00294,2026-05-21 14:13:47,Alert on account ACC-001578 (Consumer / Unknown): observed impossible_travel and suspicious_oauth_grant. Source indicator 105.45.242.210 (ipv4) in associated telemetry. Severity low. Awaiting triage.,105.45.242.210,ipv4,ACC-001578,new,account_takeover
INC-00295,2026-05-17 07:53:06,Alert on account ACC-000938 (SMB / Southeast Asia): observed new_device_burst and geo_velocity. Source indicator 196.165.241.70 (ipv4) in associated telemetry. Severity low. Awaiting triage.,196.165.241.70,ipv4,ACC-000938,new,benign
INC-00296,2026-05-16 11:11:03,Alert on account ACC-000325 (SMB / Middle East): observed new_device_burst and geo_velocity. Source indicator 121.137.177.13 (ipv4) in associated telemetry. Severity medium. Awaiting triage.,121.137.177.13,ipv4,ACC-000325,new,benign
INC-00297,2026-05-16 06:48:52,Alert on account ACC-001688 (Reseller / North America): observed api_token_abuse and bulk_account_creation. Source indicator 118.145.171.154 (ipv4) in associated telemetry. Severity critical. Awaiting triage.,118.145.171.154,ipv4,ACC-001688,new,api_token_abuse
INC-00298,2026-05-12 10:28:17,Alert on account ACC-000324 (Mid-Market / East Asia): observed new_device_burst and geo_velocity. Source indicator 144.52.173.1 (ipv4) in associated telemetry. Severity low. Awaiting triage.,144.52.173.1,ipv4,ACC-000324,new,benign
INC-00299,2026-05-11 03:15:09,Alert on account ACC-001323 (SMB / Southeast Asia): observed mass_file_download and anomalous_share_external. Source indicator update-sync.com (domain) in associated telemetry. Severity high. Awaiting triage.,update-sync.com,domain,ACC-001323,new,data_exfiltration
INC-00300,2026-05-27 10:29:25,Alert on account ACC-000474 (Mid-Market / East Asia): observed new_device_burst and geo_velocity. Source indicator 163.245.196.179 (ipv4) in associated telemetry. Severity high. Awaiting triage.,163.245.196.179,ipv4,ACC-000474,new,benign
